<?xml version="1.0"?>

<!--
  Bug codes can be found here: http://findbugs.sourceforge.net/bugDescriptions.html
 -->
<FindBugsFilter>

    <!-- Don't bother with unused fields in Exchange Adapter GSON classes. -->
    <Match>
        <Bug code="UwF,NP"/>
    </Match>

    <!-- False positive - this NPE check is required. -->
    <Match>
        <Class name="com.gazbert.bxbot.exchanges.ItBitExchangeAdapter"/>
        <Bug code="RCN"/>
    </Match>

    <!-- False positive - this NPE check is required. -->
    <Match>
        <Class name="com.gazbert.bxbot.datastore.ConfigurationManager"/>
        <Bug code="OBL"/>
    </Match>

    <!-- Don't bother with EI - expose internal representation (e.g. getter/setter for Date) -->
    <!--<Match>-->
    <!--<Bug code="EI,EI2"/>-->
    <!--</Match>-->

</FindBugsFilter>